"","Scenario","MS","ebike","equity","Car Miles Per person (per week)","Car Miles Reduced Per person (per/week)","Total Car Miles Cycled (per week)","Total Miles Cycled (per week)","Miles Cycled Per Male (per week)","Miles Cycled Per Female (per week)","Miles Cycled Per White Person (per week)","Miles Cycled Per Non-White Person (per week)","Miles Cycled Per Person with Car-Access (per week)","Miles Cycled Per Person with No Car-Access (per week)","Marginal METs Per Person (per week)","Transport CO2 Per Person (per week)","Total Time Saved in minutes by Cyclists (per week)","% Cyclists in the Total Population","% of Trips by Bicycle","Region"
"1","baseline","0","0","0","91.5","0","0","0.71","1.17","0.29","0.76","0.28","0.86","1.23","4.4","0.022089354345058","NaN","3.8","1.5","0"
"2","baseline","0","0","0","89.2","0","0","0.54","0.98","0.15","0.54","0.34","0.66","0.65","4.3","0.0215533443891653","NaN","2.6","0.9","1"
"3","baseline","0","0","0","84.4","0","0","0.57","0.98","0.19","0.58","0.34","0.67","1.07","4.3","0.0203924921793535","NaN","3","1.1","2"
"4","baseline","0","0","0","92.4","0","0","0.68","1.16","0.25","0.71","0.17","0.83","1.05","4.5","0.0223098608093029","NaN","3.8","1.5","3"
"5","baseline","0","0","0","107.7","0","0","0.72","1.23","0.24","0.76","0.12","0.77","1.61","4.4","0.0260218571627454","NaN","4.1","1.6","4"
"6","baseline","0","0","0","97.2","0","0","0.5","0.83","0.17","0.53","0.2","0.63","0.61","3.7","0.0234853273137698","NaN","2.9","1","5"
"7","baseline","0","0","0","111.5","0","0","0.72","1.13","0.34","0.74","0.47","0.82","1.64","4.2","0.0269344028708639","NaN","4.9","1.9","6"
"8","baseline","0","0","0","43.3","0","0","0.83","1.34","0.37","1.13","0.25","1.07","1.5","4.4","0.0104485557862941","NaN","3.4","1.9","7"
"9","baseline","0","0","0","104.8","0","0","0.8","1.26","0.36","0.82","0.39","0.98","1.4","4.5","0.0253154591704111","NaN","4.4","1.7","8"
"10","baseline","0","0","0","113.8","0","0","0.93","1.48","0.45","0.93","1","1.13","1.2","5","0.0274859365649312","NaN","5.2","1.8","9"
"11","baseline.rds",NA,NA,NA,"91.5","0","0","0.71","1.17","0.29","0.76","0.28","0.86","1.23","4.4","0.022089354345058","NaN","3.8","1.5","0"
"12","baseline.rds",NA,NA,NA,"89.2","0","0","0.54","0.98","0.15","0.54","0.34","0.66","0.65","4.3","0.0215533443891653","NaN","2.6","0.9","1"
"13","baseline.rds",NA,NA,NA,"84.4","0","0","0.57","0.98","0.19","0.58","0.34","0.67","1.07","4.3","0.0203924921793535","NaN","3","1.1","2"
"14","baseline.rds",NA,NA,NA,"92.4","0","0","0.68","1.16","0.25","0.71","0.17","0.83","1.05","4.5","0.0223098608093029","NaN","3.8","1.5","3"
"15","baseline.rds",NA,NA,NA,"107.7","0","0","0.72","1.23","0.24","0.76","0.12","0.77","1.61","4.4","0.0260218571627454","NaN","4.1","1.6","4"
"16","baseline.rds",NA,NA,NA,"97.2","0","0","0.5","0.83","0.17","0.53","0.2","0.63","0.61","3.7","0.0234853273137698","NaN","2.9","1","5"
"17","baseline.rds",NA,NA,NA,"111.5","0","0","0.72","1.13","0.34","0.74","0.47","0.82","1.64","4.2","0.0269344028708639","NaN","4.9","1.9","6"
"18","baseline.rds",NA,NA,NA,"43.3","0","0","0.83","1.34","0.37","1.13","0.25","1.07","1.5","4.4","0.0104485557862941","NaN","3.4","1.9","7"
"19","baseline.rds",NA,NA,NA,"104.8","0","0","0.8","1.26","0.36","0.82","0.39","0.98","1.4","4.5","0.0253154591704111","NaN","4.4","1.7","8"
"20","baseline.rds",NA,NA,NA,"113.8","0","0","0.93","1.48","0.45","0.93","1","1.13","1.2","5","0.0274859365649312","NaN","5.2","1.8","9"
"21","baseline.rds",NA,NA,NA,"91.5","0","0","0.71","1.17","0.29","0.76","0.28","0.86","1.23","4.4","0.022089354345058","NaN","3.8","1.5","0"
"22","baseline.rds",NA,NA,NA,"89.2","0","0","0.54","0.98","0.15","0.54","0.34","0.66","0.65","4.3","0.0215533443891653","NaN","2.6","0.9","1"
"23","baseline.rds",NA,NA,NA,"84.4","0","0","0.57","0.98","0.19","0.58","0.34","0.67","1.07","4.3","0.0203924921793535","NaN","3","1.1","2"
"24","baseline.rds",NA,NA,NA,"92.4","0","0","0.68","1.16","0.25","0.71","0.17","0.83","1.05","4.5","0.0223098608093029","NaN","3.8","1.5","3"
"25","baseline.rds",NA,NA,NA,"107.7","0","0","0.72","1.23","0.24","0.76","0.12","0.77","1.61","4.4","0.0260218571627454","NaN","4.1","1.6","4"
"26","baseline.rds",NA,NA,NA,"97.2","0","0","0.5","0.83","0.17","0.53","0.2","0.63","0.61","3.7","0.0234853273137698","NaN","2.9","1","5"
"27","baseline.rds",NA,NA,NA,"111.5","0","0","0.72","1.13","0.34","0.74","0.47","0.82","1.64","4.2","0.0269344028708639","NaN","4.9","1.9","6"
"28","baseline.rds",NA,NA,NA,"43.3","0","0","0.83","1.34","0.37","1.13","0.25","1.07","1.5","4.4","0.0104485557862941","NaN","3.4","1.9","7"
"29","baseline.rds",NA,NA,NA,"104.8","0","0","0.8","1.26","0.36","0.82","0.39","0.98","1.4","4.5","0.0253154591704111","NaN","4.4","1.7","8"
"30","baseline.rds",NA,NA,NA,"113.8","0","0","0.93","1.48","0.45","0.93","1","1.13","1.2","5","0.0274859365649312","NaN","5.2","1.8","9"
"31","MS0.05_ebik0_eq0.rds","0.05","0","0","91","0.5","77507","1.28","2.07","0.55","1.36","0.52","1.65","1.63","4.5","0.0219800123827436","103.5","4.3","2.7","0"
"32","MS0.05_ebik0_eq0.rds","0.05","0","0","88.7","0.6","5410.6","1.27","2.22","0.41","1.28","0.7","1.67","1.07","4.6","0.0214085129906025","115.9","4.2","2.2","1"
"33","MS0.05_ebik0_eq0.rds","0.05","0","0","84","0.5","11054.9","1.13","1.92","0.42","1.16","0.75","1.49","1.44","4.5","0.020281126173097","102.5","4.1","2.4","2"
"34","MS0.05_ebik0_eq0.rds","0.05","0","0","91.9","0.4","7515.4","1.22","2.07","0.46","1.28","0.37","1.59","1.48","4.6","0.0222029717507488","97.3","4.4","2.7","3"
"35","MS0.05_ebik0_eq0.rds","0.05","0","0","107.2","0.5","7257.3","1.32","2.19","0.48","1.38","0.34","1.57","1.96","4.6","0.0258993456772936","113","4.4","2.7","4"
"36","MS0.05_ebik0_eq0.rds","0.05","0","0","96.7","0.6","10001.2","1.14","1.88","0.43","1.21","0.51","1.51","0.97","4","0.0233493227990971","119.5","4.2","2.2","5"
"37","MS0.05_ebik0_eq0.rds","0.05","0","0","111","0.5","9237.1","1.3","1.96","0.68","1.33","0.8","1.57","2.18","4.3","0.0268167185603462","109.5","4.9","3.1","6"
"38","MS0.05_ebik0_eq0.rds","0.05","0","0","43","0.2","6478.6","1.28","2.12","0.54","1.72","0.45","1.83","1.97","4.5","0.0103892769492165","76.5","4","3.1","7"
"39","MS0.05_ebik0_eq0.rds","0.05","0","0","104.4","0.5","12577.5","1.35","2.08","0.67","1.4","0.62","1.74","1.78","4.6","0.0252025697203758","104.9","4.4","2.9","8"
"40","MS0.05_ebik0_eq0.rds","0.05","0","0","113.3","0.5","9101.9","1.59","2.53","0.76","1.59","1.55","1.97","1.67","5.2","0.0273542788749252","103.6","5.2","3.1","9"
"41","MS0.05_ebik0_eq1.rds","0.05","0","1","91","0.4","75523.6","1.26","2.02","0.57","1.35","0.5","1.63","1.63","4.5","0.0219828160228029","102.1","4.3","2.7","0"
"42","MS0.05_ebik0_eq1.rds","0.05","0","1","88.7","0.5","4716.4","1.17","1.95","0.47","1.18","0.96","1.54","1.03","4.5","0.0214273079049198","110.5","4.2","2.1","1"
"43","MS0.05_ebik0_eq1.rds","0.05","0","1","84","0.4","10777.9","1.13","1.83","0.49","1.15","0.69","1.46","1.51","4.5","0.0202840458811262","102.2","4.1","2.4","2"
"44","MS0.05_ebik0_eq1.rds","0.05","0","1","91.9","0.5","7802.9","1.24","2.05","0.5","1.3","0.3","1.62","1.44","4.6","0.0221988606331121","104.1","4.3","2.7","3"
"45","MS0.05_ebik0_eq1.rds","0.05","0","1","107.3","0.5","6739.5","1.28","2.13","0.47","1.34","0.34","1.51","1.99","4.6","0.0259083948211054","110.7","4.4","2.7","4"
"46","MS0.05_ebik0_eq1.rds","0.05","0","1","96.7","0.5","9208.9","1.09","1.72","0.49","1.15","0.57","1.45","0.95","4","0.0233600451467269","116","4.2","2.1","5"
"47","MS0.05_ebik0_eq1.rds","0.05","0","1","111","0.5","9786.3","1.33","2","0.69","1.36","0.76","1.61","2.21","4.3","0.0268093303076679","109.2","4.9","3.2","6"
"48","MS0.05_ebik0_eq1.rds","0.05","0","1","43","0.2","5976.1","1.25","2","0.58","1.67","0.46","1.77","1.96","4.5","0.0103941853879554","72.1","4","3.1","7"
"49","MS0.05_ebik0_eq1.rds","0.05","0","1","104.4","0.5","12405.7","1.34","2.08","0.65","1.39","0.62","1.72","1.74","4.6","0.0252040551078763","108.3","4.4","2.8","8"
"50","MS0.05_ebik0_eq1.rds","0.05","0","1","113.3","0.6","9279.8","1.6","2.55","0.76","1.6","1.5","1.98","1.72","5.2","0.0273518850987433","104.7","5.2","3.1","9"
"51","MS0.05_ebik1_eq0.rds","0.05","1","0","90.9","0.6","100562.7","1.43","2.16","0.76","1.53","0.54","1.88","1.71","4.5","0.0219474784762216","107.3","4.3","2.8","0"
"52","MS0.05_ebik1_eq0.rds","0.05","1","0","88.5","0.7","6429.6","1.38","2.29","0.58","1.38","1.31","1.84","1.11","4.5","0.0213819789939193","123.7","4.3","2.1","1"
"53","MS0.05_ebik1_eq0.rds","0.05","1","0","83.9","0.6","13834.9","1.26","1.99","0.6","1.29","0.82","1.68","1.51","4.4","0.0202531803962461","106.7","4.2","2.4","2"
"54","MS0.05_ebik1_eq0.rds","0.05","1","0","91.8","0.6","10162.7","1.4","2.22","0.65","1.47","0.32","1.86","1.52","4.6","0.022165384389499","105.7","4.3","2.8","3"
"55","MS0.05_ebik1_eq0.rds","0.05","1","0","107.1","0.7","9756.6","1.5","2.35","0.7","1.58","0.41","1.84","1.98","4.5","0.0258575803981623","117.7","4.5","2.8","4"
"56","MS0.05_ebik1_eq0.rds","0.05","1","0","96.6","0.7","11990","1.26","1.94","0.62","1.35","0.6","1.7","0.99","3.9","0.0233222347629797","121.8","4.3","2.2","5"
"57","MS0.05_ebik1_eq0.rds","0.05","1","0","110.8","0.7","13071.1","1.52","2.13","0.95","1.57","0.73","1.87","2.26","4.3","0.0267676394532693","120.4","4.9","3.2","6"
"58","MS0.05_ebik1_eq0.rds","0.05","1","0","43","0.3","7690.2","1.36","2.13","0.67","1.81","0.49","1.96","2.04","4.4","0.0103783273551067","76.1","4","3.1","7"
"59","MS0.05_ebik1_eq0.rds","0.05","1","0","104.2","0.6","16581.2","1.54","2.24","0.88","1.59","0.62","1.99","1.84","4.6","0.0251665490734895","114.7","4.4","2.9","8"
"60","MS0.05_ebik1_eq0.rds","0.05","1","0","113.1","0.8","12673.8","1.83","2.7","1.06","1.83","1.45","2.28","1.81","5.1","0.0273028126870138","111.9","5.2","3.3","9"
"61","MS0.05_ebik1_eq1.rds","0.05","1","1","90.9","0.6","99831.2","1.43","2.12","0.79","1.53","0.57","1.87","1.72","4.5","0.0219485298412439","107.2","4.3","2.8","0"
"62","MS0.05_ebik1_eq1.rds","0.05","1","1","88.6","0.7","6061.2","1.35","1.99","0.78","1.35","1.32","1.8","1.07","4.5","0.0213919292426755","118.8","4.3","2.1","1"
"63","MS0.05_ebik1_eq1.rds","0.05","1","1","83.8","0.6","14221.4","1.29","1.91","0.72","1.33","0.65","1.7","1.61","4.5","0.0202490093847758","109.7","4.2","2.4","2"
"64","MS0.05_ebik1_eq1.rds","0.05","1","1","91.8","0.6","10193.9","1.39","2.19","0.67","1.46","0.4","1.84","1.58","4.6","0.0221647970869795","104.2","4.3","2.8","3"
"65","MS0.05_ebik1_eq1.rds","0.05","1","1","107.1","0.6","9240.6","1.46","2.23","0.73","1.54","0.3","1.76","2.08","4.5","0.0258659334539886","116.7","4.5","2.8","4"
"66","MS0.05_ebik1_eq1.rds","0.05","1","1","96.6","0.7","11642.4","1.24","1.75","0.75","1.32","0.56","1.65","1.05","3.9","0.0233267494356659","118.9","4.2","2.2","5"
"67","MS0.05_ebik1_eq1.rds","0.05","1","1","110.9","0.6","12062.2","1.47","2.05","0.92","1.51","0.78","1.8","2.21","4.3","0.0267803050292891","115.6","4.9","3.2","6"
"68","MS0.05_ebik1_eq1.rds","0.05","1","1","43","0.3","7091.4","1.33","2.03","0.7","1.78","0.46","1.89","2.05","4.4","0.0103839909382669","73.4","4","3.1","7"
"69","MS0.05_ebik1_eq1.rds","0.05","1","1","104.2","0.6","16935.9","1.55","2.26","0.9","1.61","0.63","2.01","1.87","4.6","0.0251635782984886","111.3","4.4","3","8"
"70","MS0.05_ebik1_eq1.rds","0.05","1","1","113.1","0.7","11900.3","1.76","2.61","1.01","1.76","1.66","2.2","1.72","5.1","0.0273135846798324","107.7","5.2","3.2","9"
"71","MS0.1_ebik0_eq0.rds","0.1","0","0","90.5","0.9","160103.6","1.86","3.02","0.79","1.96","1.01","2.47","2.03","4.8","0.0218634860927771","108.1","7.9","3.9","0"
"72","MS0.1_ebik0_eq0.rds","0.1","0","0","88.1","1.1","10342.6","1.92","3.36","0.64","1.93","1.3","2.55","1.58","4.9","0.0212769485903814","120.6","8","3.3","1"
"73","MS0.1_ebik0_eq0.rds","0.1","0","0","83.5","0.9","22726.5","1.71","2.91","0.62","1.74","1.29","2.33","1.85","4.8","0.020163503649635","106.2","7.8","3.6","2"
"74","MS0.1_ebik0_eq0.rds","0.1","0","0","91.4","1","16559.1","1.83","3.15","0.63","1.9","0.65","2.49","1.73","4.9","0.0220749398014917","110.8","8","3.8","3"
"75","MS0.1_ebik0_eq0.rds","0.1","0","0","106.7","1.1","15420","1.95","3.27","0.7","2.02","0.96","2.43","2.3","4.9","0.0257622163441459","116.5","8.3","3.9","4"
"76","MS0.1_ebik0_eq0.rds","0.1","0","0","96.1","1.1","20124.6","1.8","2.95","0.69","1.89","1.07","2.42","1.39","4.3","0.0232110609480813","123.4","7.8","3.4","5"
"77","MS0.1_ebik0_eq0.rds","0.1","0","0","110.5","1","18556.5","1.85","2.82","0.94","1.89","1.18","2.31","2.52","4.6","0.0266979787851602","117.6","8.1","4.1","6"
"78","MS0.1_ebik0_eq0.rds","0.1","0","0","42.7","0.5","13698.1","1.79","3","0.71","2.25","0.91","2.67","2.53","4.8","0.0103235793845573","77","7.2","4.4","7"
"79","MS0.1_ebik0_eq0.rds","0.1","0","0","103.9","1","25990.9","1.91","2.94","0.95","1.96","1.08","2.5","2.14","4.9","0.0250822533328382","115","8","3.9","8"
"80","MS0.1_ebik0_eq0.rds","0.1","0","0","112.8","1","17154.4","2.13","3.42","1","2.14","1.71","2.68","1.93","5.4","0.0272375822860563","110.5","8.5","4.2","9"
"81","MS0.1_ebik0_eq1.rds","0.1","0","1","90.6","0.9","147549.1","1.77","2.65","0.95","1.86","0.93","2.34","1.99","4.8","0.0218812424798196","105.2","7.8","3.8","0"
"82","MS0.1_ebik0_eq1.rds","0.1","0","1","88.3","1","8723.7","1.72","2.75","0.8","1.72","1.68","2.29","1.38","4.8","0.0213200663349917","113.8","7.9","3.1","1"
"83","MS0.1_ebik0_eq1.rds","0.1","0","1","83.6","0.9","20954.3","1.62","2.45","0.86","1.65","1.08","2.18","1.84","4.8","0.0201814389989572","105.9","7.7","3.5","2"
"84","MS0.1_ebik0_eq1.rds","0.1","0","1","91.5","0.9","14726.3","1.72","2.7","0.84","1.79","0.73","2.31","1.82","4.9","0.022100781112351","104","7.9","3.8","3"
"85","MS0.1_ebik0_eq1.rds","0.1","0","1","106.8","1","13771.4","1.85","2.86","0.89","1.91","0.86","2.28","2.31","4.9","0.0257900598635668","112.3","8.1","3.8","4"
"86","MS0.1_ebik0_eq1.rds","0.1","0","1","96.2","1","17757.9","1.64","2.44","0.88","1.72","1.03","2.22","1.18","4.3","0.0232437923250564","117.5","7.8","3.3","5"
"87","MS0.1_ebik0_eq1.rds","0.1","0","1","110.6","0.9","17517.7","1.79","2.56","1.07","1.84","1.06","2.24","2.38","4.6","0.0267111720935142","117.6","8.1","4.1","6"
"88","MS0.1_ebik0_eq1.rds","0.1","0","1","42.8","0.4","11232.9","1.66","2.57","0.86","2.09","0.85","2.4","2.5","4.7","0.0103462337171984","72.9","7.1","4.2","7"
"89","MS0.1_ebik0_eq1.rds","0.1","0","1","103.9","0.9","25041.9","1.88","2.74","1.07","1.93","1.08","2.46","2.01","4.9","0.0250907943109659","112.1","8","3.9","8"
"90","MS0.1_ebik0_eq1.rds","0.1","0","1","112.8","1","16090.8","2.05","3.1","1.13","2.05","2.15","2.58","1.88","5.4","0.0272531418312388","110.6","8.4","4.1","9"
"91","MS0.1_ebik1_eq0.rds","0.1","1","0","90.2","1.2","209923.6","2.19","3.29","1.19","2.32","1.1","2.96","2.19","4.7","0.0217932198637898","111.1","8.1","4","0"
"92","MS0.1_ebik1_eq0.rds","0.1","1","0","87.8","1.4","12873.7","2.2","3.55","1","2.21","2.13","2.99","1.58","4.7","0.0212095080154782","122.3","8.3","3.4","1"
"93","MS0.1_ebik1_eq0.rds","0.1","1","0","83.2","1.2","28915.3","2","3.16","0.94","2.04","1.46","2.76","1.96","4.7","0.0201013555787278","112.1","7.9","3.7","2"
"94","MS0.1_ebik1_eq0.rds","0.1","1","0","91.1","1.3","21373.7","2.15","3.36","1.05","2.23","0.82","2.94","1.99","4.8","0.022006225406707","110.2","8.1","4","3"
"95","MS0.1_ebik1_eq0.rds","0.1","1","0","106.4","1.4","19985","2.28","3.49","1.13","2.36","1.1","2.88","2.49","4.8","0.0256856466657386","122.1","8.4","4","4"
"96","MS0.1_ebik1_eq0.rds","0.1","1","0","95.8","1.5","25861","2.16","3.29","1.08","2.29","1.12","2.94","1.46","4.2","0.0231331828442438","126.9","8.1","3.5","5"
"97","MS0.1_ebik1_eq0.rds","0.1","1","0","110.2","1.4","25707.6","2.29","3.23","1.41","2.34","1.56","2.91","2.68","4.5","0.0266066810913505","126.4","8.3","4.3","6"
"98","MS0.1_ebik1_eq0.rds","0.1","1","0","42.6","0.6","16885.7","1.96","3.08","0.95","2.44","1.02","2.99","2.59","4.6","0.0102945063243345","77.5","7.3","4.4","7"
"99","MS0.1_ebik1_eq0.rds","0.1","1","0","103.5","1.3","35020.8","2.32","3.27","1.43","2.38","1.4","3.07","2.26","4.8","0.0250012997140629","118.9","8.1","4.1","8"
"100","MS0.1_ebik1_eq0.rds","0.1","1","0","112.4","1.4","23133.9","2.51","3.73","1.44","2.52","1.94","3.2","1.98","5.3","0.0271514063435069","114.1","8.5","4.3","9"
"101","MS0.1_ebik1_eq1.rds","0.1","1","1","90.3","1.2","204705.9","2.16","2.86","1.52","2.29","1.08","2.91","2.24","4.7","0.0218005794189456","110.7","8","4","0"
"102","MS0.1_ebik1_eq1.rds","0.1","1","1","87.9","1.4","12241.9","2.17","2.84","1.58","2.19","1.24","2.9","1.74","4.7","0.0212260917634052","122","8.2","3.4","1"
"103","MS0.1_ebik1_eq1.rds","0.1","1","1","83.2","1.2","28736.6","1.99","2.69","1.35","2.04","1.19","2.75","1.97","4.7","0.020103023983316","108.9","7.8","3.7","2"
"104","MS0.1_ebik1_eq1.rds","0.1","1","1","91.1","1.3","21561.6","2.15","3.06","1.33","2.24","0.7","2.94","2.01","4.8","0.0220038761966289","111.4","8","4","3"
"105","MS0.1_ebik1_eq1.rds","0.1","1","1","106.4","1.4","19436.5","2.24","3.12","1.41","2.34","0.82","2.79","2.67","4.8","0.0256946958095503","121.3","8.1","4","4"
"106","MS0.1_ebik1_eq1.rds","0.1","1","1","96","1.3","22454.4","1.96","2.49","1.45","2.06","1.13","2.62","1.6","4.1","0.0231794582392777","118.6","7.8","3.4","5"
"107","MS0.1_ebik1_eq1.rds","0.1","1","1","110.2","1.3","24766.6","2.22","2.78","1.69","2.27","1.44","2.8","2.72","4.5","0.0266188189350361","125.1","8.2","4.3","6"
"108","MS0.1_ebik1_eq1.rds","0.1","1","1","42.7","0.6","15823.1","1.91","2.67","1.24","2.39","0.99","2.89","2.6","4.6","0.0103043232018123","76.8","7.2","4.4","7"
"109","MS0.1_ebik1_eq1.rds","0.1","1","1","103.5","1.3","35863.5","2.36","3.06","1.69","2.43","1.23","3.11","2.38","4.8","0.0249938727765606","119.4","8.1","4.1","8"
"110","MS0.1_ebik1_eq1.rds","0.1","1","1","112.4","1.4","22971.7","2.51","3.42","1.7","2.51","2.15","3.17","2.11","5.3","0.0271538001196888","114.7","8.6","4.3","9"
"111","MS0.15_ebik0_eq0.rds","0.15","0","0","90","1.4","244380.1","2.45","4","1.03","2.56","1.52","3.31","2.44","5.1","0.0217446234360945","109.6","11.6","5","0"
"112","MS0.15_ebik0_eq0.rds","0.15","0","0","87.6","1.7","15296.1","2.6","4.56","0.85","2.63","1.25","3.54","1.83","5.3","0.0211453841901603","118","12.1","4.6","1"
"113","MS0.15_ebik0_eq0.rds","0.15","0","0","83","1.5","35348.4","2.34","3.95","0.86","2.36","1.94","3.23","2.28","5.1","0.0200362877997914","107.8","11.6","4.9","2"
"114","MS0.15_ebik0_eq0.rds","0.15","0","0","90.9","1.5","25959.7","2.48","4.23","0.9","2.54","1.65","3.43","2.16","5.3","0.0219416221295589","109.3","11.7","5.2","3"
"115","MS0.15_ebik0_eq0.rds","0.15","0","0","106.1","1.7","24081.8","2.62","4.38","0.94","2.68","1.72","3.32","2.72","5.2","0.0256167339551719","120.2","12.1","5.1","4"
"116","MS0.15_ebik0_eq0.rds","0.15","0","0","95.6","1.7","30031.6","2.43","4.07","0.87","2.51","1.77","3.31","1.66","4.7","0.0230761851015801","119.9","11.8","4.6","5"
"117","MS0.15_ebik0_eq0.rds","0.15","0","0","110","1.5","28373.8","2.42","3.7","1.22","2.46","1.81","3.09","2.72","4.9","0.0265729062219642","121.9","12","5.2","6"
"118","MS0.15_ebik0_eq0.rds","0.15","0","0","42.5","0.8","20403.2","2.24","3.76","0.89","2.71","1.36","3.45","2.95","5","0.0102624126864263","76.5","10.6","5.5","7"
"119","MS0.15_ebik0_eq0.rds","0.15","0","0","103.3","1.5","40169.7","2.53","3.93","1.22","2.58","1.72","3.36","2.43","5.2","0.0249552527015485","117.4","11.7","5.1","8"
"120","MS0.15_ebik0_eq0.rds","0.15","0","0","112.3","1.5","25427.3","2.68","4.3","1.26","2.68","2.86","3.38","2.38","5.7","0.0271184919210054","112.9","12.4","5.2","9"
"121","MS0.15_ebik0_eq1.rds","0.15","0","1","90.2","1.3","221186.5","2.29","3.3","1.36","2.39","1.42","3.08","2.36","5.1","0.0217773325701202","106.4","11.4","4.9","0"
"122","MS0.15_ebik0_eq1.rds","0.15","0","1","87.8","1.4","12889.6","2.29","3.36","1.33","2.3","1.8","3.03","1.9","5.1","0.0212095080154782","111.2","11.7","4.3","1"
"123","MS0.15_ebik0_eq1.rds","0.15","0","1","83.1","1.3","31283.8","2.14","3.14","1.22","2.16","1.89","2.94","2.19","5","0.0200771637122002","105.6","11.2","4.7","2"
"124","MS0.15_ebik0_eq1.rds","0.15","0","1","91.1","1.3","21547.7","2.2","3.24","1.26","2.26","1.19","2.97","2.23","5.1","0.0220038761966289","103.1","11.4","4.9","3"
"125","MS0.15_ebik0_eq1.rds","0.15","0","1","106.3","1.5","20898.8","2.4","3.6","1.26","2.48","1.2","3.03","2.57","5.1","0.0256703327300571","114.3","11.8","4.9","4"
"126","MS0.15_ebik0_eq1.rds","0.15","0","1","95.8","1.5","25851.3","2.19","3.05","1.37","2.27","1.51","2.93","1.75","4.5","0.0231331828442438","115.2","11.6","4.5","5"
"127","MS0.15_ebik0_eq1.rds","0.15","0","1","110.2","1.4","25869.6","2.28","3.18","1.44","2.33","1.6","2.89","2.71","4.8","0.0266045701620138","119.9","11.6","5.1","6"
"128","MS0.15_ebik0_eq1.rds","0.15","0","1","42.6","0.7","18089.8","2.07","3.09","1.17","2.56","1.14","3.12","2.86","4.9","0.0102835567302247","76.1","10.2","5.3","7"
"129","MS0.15_ebik0_eq1.rds","0.15","0","1","103.4","1.4","37243","2.4","3.34","1.52","2.46","1.37","3.17","2.4","5.2","0.0249812469828066","115.7","11.4","5","8"
"130","MS0.15_ebik0_eq1.rds","0.15","0","1","112.3","1.5","24763.8","2.64","3.82","1.61","2.64","2.63","3.36","2.12","5.7","0.0271280670257331","110.7","12.1","5.2","9"
"131","MS0.15_ebik1_eq0.rds","0.15","1","0","89.6","1.8","315028.8","2.94","4.35","1.65","3.08","1.75","4.02","2.72","4.9","0.021644977395652","112.6","11.8","5.2","0"
"132","MS0.15_ebik1_eq0.rds","0.15","1","0","87.2","2","18214.8","2.96","4.71","1.39","2.97","2.23","4.04","2.03","5","0.0210668877833057","119.8","12.3","4.7","1"
"133","MS0.15_ebik1_eq0.rds","0.15","1","0","82.6","1.9","44432.2","2.74","4.32","1.29","2.79","1.99","3.83","2.45","4.9","0.0199449426485923","111.1","11.6","5","2"
"134","MS0.15_ebik1_eq0.rds","0.15","1","0","90.6","1.8","30893.2","2.83","4.49","1.33","2.91","1.68","3.89","2.58","5","0.0218711458272156","111","11.9","5.2","3"
"135","MS0.15_ebik1_eq0.rds","0.15","1","0","105.6","2.2","31287.4","3.16","4.83","1.58","3.23","2.2","4.09","2.84","5","0.0254956146456912","124.9","12.2","5.2","4"
"136","MS0.15_ebik1_eq0.rds","0.15","1","0","95.1","2.2","38863.5","2.96","4.58","1.43","3.09","1.96","4.07","1.86","4.5","0.0229559819413093","124.6","12","4.8","5"
"137","MS0.15_ebik1_eq0.rds","0.15","1","0","109.4","2.1","40426.6","3.16","4.36","2.04","3.21","2.5","4.11","2.96","4.8","0.0264188083803895","130.1","12.1","5.5","6"
"138","MS0.15_ebik1_eq0.rds","0.15","1","0","42.4","0.9","24090.5","2.52","3.89","1.3","3","1.61","3.87","3.3","4.8","0.0102288087596753","76.2","10.8","5.7","7"
"139","MS0.15_ebik1_eq0.rds","0.15","1","0","102.8","2.1","55311.8","3.18","4.48","1.96","3.24","2.15","4.23","3.04","5.1","0.024819339745256","123.6","11.8","5.3","8"
"140","MS0.15_ebik1_eq0.rds","0.15","1","0","111.7","2.1","34868.8","3.28","4.84","1.91","3.3","2.76","4.22","2.26","5.5","0.0269820466786355","115.7","12.5","5.5","9"
"141","MS0.15_ebik1_eq1.rds","0.15","1","1","89.7","1.8","307176.8","2.88","3.6","2.22","3.03","1.63","3.93","2.69","4.9","0.0216560751375536","110.9","11.6","5.2","0"
"142","MS0.15_ebik1_eq1.rds","0.15","1","1","87.3","1.9","17625.3","2.87","3.46","2.35","2.88","2.53","3.82","2.33","4.9","0.0210823659480376","114.5","11.8","4.6","1"
"143","MS0.15_ebik1_eq1.rds","0.15","1","1","82.6","1.8","43227","2.68","3.34","2.08","2.73","1.96","3.78","2.31","4.9","0.0199570385818561","110.2","11.4","4.9","2"
"144","MS0.15_ebik1_eq1.rds","0.15","1","1","90.6","1.8","30689.2","2.81","3.55","2.14","2.9","1.37","3.86","2.53","5","0.0218740823398132","107.2","11.8","5.3","3"
"145","MS0.15_ebik1_eq1.rds","0.15","1","1","105.7","2.1","29684","3.06","3.86","2.29","3.16","1.4","3.9","3.07","5","0.0255227620771265","125.5","12","5.1","4"
"146","MS0.15_ebik1_eq1.rds","0.15","1","1","95.2","2","36195.4","2.82","3.39","2.29","2.95","1.8","3.85","1.95","4.4","0.0229920993227991","119","11.9","4.8","5"
"147","MS0.15_ebik1_eq1.rds","0.15","1","1","109.5","2.1","38939.2","3.05","3.67","2.47","3.1","2.28","3.92","3.22","4.8","0.0264378067444192","127.6","11.8","5.4","6"
"148","MS0.15_ebik1_eq1.rds","0.15","1","1","42.4","0.8","22496.7","2.4","3.2","1.69","2.91","1.41","3.66","3.21","4.7","0.010243534075892","75.4","10.4","5.5","7"
"149","MS0.15_ebik1_eq1.rds","0.15","1","1","102.8","2","54226.4","3.15","3.88","2.47","3.22","2.03","4.21","2.79","5.1","0.0248289947640091","120.7","11.7","5.4","8"
"150","MS0.15_ebik1_eq1.rds","0.15","1","1","111.7","2.1","34610.5","3.29","4.16","2.53","3.31","2.37","4.21","2.37","5.5","0.0269856373429084","118.6","12.4","5.5","9"
"151","MS0.25_ebik0_eq0.rds","0.25","0","0","89.1","2.4","410747.9","3.63","5.91","1.53","3.76","2.48","4.97","3.29","5.7","0.0215099353994603","110.1","18.9","7.4","0"
"152","MS0.25_ebik0_eq0.rds","0.25","0","0","86.4","2.8","25353.7","3.87","6.68","1.37","3.86","4.71","5.25","2.8","5.9","0.0208767274737424","120.2","19.9","7","1"
"153","MS0.25_ebik0_eq0.rds","0.25","0","0","81.9","2.5","60014.2","3.53","5.99","1.27","3.57","2.86","4.98","2.98","5.8","0.0197881126173097","111.2","18.7","7.3","2"
"154","MS0.25_ebik0_eq0.rds","0.25","0","0","89.8","2.6","43577.2","3.68","6.31","1.31","3.76","2.53","5.13","3.05","5.9","0.0216914312562401","109.7","19.2","7.6","3"
"155","MS0.25_ebik0_eq0.rds","0.25","0","0","105","2.8","39948.8","3.86","6.5","1.36","3.96","2.49","5.05","3.17","5.9","0.0253501322567172","122.3","19.5","7.3","4"
"156","MS0.25_ebik0_eq0.rds","0.25","0","0","94.4","2.8","49799.1","3.68","6.2","1.28","3.79","2.77","5.05","2.31","5.3","0.0228069977426637","120.7","19.2","7","5"
"157","MS0.25_ebik0_eq0.rds","0.25","0","0","108.9","2.6","48919.6","3.63","5.53","1.85","3.68","2.89","4.75","3.18","5.5","0.0263106232518866","126.9","18.9","7.3","6"
"158","MS0.25_ebik0_eq0.rds","0.25","0","0","42","1.3","33812","3.24","5.47","1.26","3.68","2.4","4.96","4.29","5.5","0.0101400792901642","77","16.8","8","7"
"159","MS0.25_ebik0_eq0.rds","0.25","0","0","102.4","2.5","66334.9","3.58","5.5","1.79","3.64","2.72","4.81","3.01","5.8","0.0247205614764752","121.9","18.7","7.1","8"
"160","MS0.25_ebik0_eq0.rds","0.25","0","0","111.1","2.7","44528.9","3.98","6.41","1.85","3.99","3.56","5.09","3.01","6.3","0.0268420107719928","115.4","20.2","7.6","9"
"161","MS0.25_ebik0_eq1.rds","0.25","0","1","89.3","2.1","364411.6","3.31","4.62","2.11","3.44","2.23","4.52","3.1","5.6","0.0215752952583438","106.9","18.5","7.1","0"
"162","MS0.25_ebik0_eq1.rds","0.25","0","1","86.9","2.3","21119.7","3.38","4.76","2.15","3.39","3.09","4.59","2.42","5.6","0.0209894969596462","114.8","19.3","6.4","1"
"163","MS0.25_ebik0_eq1.rds","0.25","0","1","82.4","2.1","49940.4","3.08","4.22","2.04","3.12","2.4","4.28","2.9","5.5","0.0198894681960375","106.2","18.2","6.8","2"
"164","MS0.25_ebik0_eq1.rds","0.25","0","1","90.2","2.2","37780.3","3.31","4.7","2.04","3.38","2.05","4.57","2.84","5.7","0.021773653608974","108.9","18.9","7.2","3"
"165","MS0.25_ebik0_eq1.rds","0.25","0","1","105.3","2.4","35126","3.51","5.07","2.02","3.6","2.14","4.51","3.3","5.7","0.0254308784630377","117.4","19.4","7.1","4"
"166","MS0.25_ebik0_eq1.rds","0.25","0","1","94.8","2.5","43560.1","3.31","4.59","2.08","3.41","2.5","4.5","2.29","5.1","0.0228916478555305","117.8","18.7","6.6","5"
"167","MS0.25_ebik0_eq1.rds","0.25","0","1","109.2","2.3","44243","3.38","4.52","2.31","3.42","2.83","4.37","3.34","5.4","0.0263702570056467","124","18.8","7.2","6"
"168","MS0.25_ebik0_eq1.rds","0.25","0","1","42.1","1.1","30360.7","2.9","4.17","1.77","3.38","1.97","4.48","3.75","5.4","0.0101717953558618","77.2","16.3","7.4","7"
"169","MS0.25_ebik0_eq1.rds","0.25","0","1","102.5","2.3","61542.4","3.44","4.69","2.27","3.5","2.52","4.59","3.14","5.7","0.0247636377139886","113.8","18.8","7.1","8"
"170","MS0.25_ebik0_eq1.rds","0.25","0","1","111.3","2.5","41623.1","3.78","5.32","2.41","3.79","3.08","4.82","2.89","6.2","0.0268839018551765","112.1","19.6","7.4","9"
"171","MS0.25_ebik1_eq0.rds","0.25","1","0","88.3","3.2","541512.2","4.5","6.65","2.53","4.69","2.86","6.26","3.66","5.4","0.0213254792472226","114.3","19.3","7.7","0"
"172","MS0.25_ebik1_eq0.rds","0.25","1","0","85.8","3.4","31175.8","4.62","7.17","2.35","4.65","3.31","6.38","2.93","5.5","0.0207208402432283","121.5","19.9","7","1"
"173","MS0.25_ebik1_eq0.rds","0.25","1","0","81.4","3","72230.8","4.1","6.38","2.01","4.18","2.91","5.82","3.34","5.3","0.0196646506777894","110.4","19.1","7.5","2"
"174","MS0.25_ebik1_eq0.rds","0.25","1","0","89.1","3.2","55309","4.47","6.96","2.22","4.61","2.36","6.3","3.36","5.5","0.0215252246432137","113.3","19.4","7.8","3"
"175","MS0.25_ebik1_eq0.rds","0.25","1","0","104.2","3.6","51429.7","4.72","7.12","2.43","4.83","3.11","6.26","3.33","5.5","0.0251573158847278","125.3","20.2","7.6","4"
"176","MS0.25_ebik1_eq0.rds","0.25","1","0","93.8","3.4","60690.2","4.37","6.65","2.21","4.52","3.13","6.02","2.61","4.9","0.0226585778781038","121","19.9","7.2","5"
"177","MS0.25_ebik1_eq0.rds","0.25","1","0","107.8","3.7","70388.5","4.96","6.75","3.27","5.04","3.74","6.52","3.96","5.4","0.0260372579027917","134.6","19.8","8","6"
"178","MS0.25_ebik1_eq0.rds","0.25","1","0","41.6","1.6","42894","3.74","5.81","1.89","4.28","2.7","5.9","4.57","5.2","0.0100573909760242","78.8","17.4","8.3","7"
"179","MS0.25_ebik1_eq0.rds","0.25","1","0","101.3","3.5","94235.3","4.86","6.76","3.08","4.96","3.12","6.58","3.67","5.6","0.024470273682647","124.8","19.6","7.8","8"
"180","MS0.25_ebik1_eq0.rds","0.25","1","0","110.2","3.6","59737.7","4.94","7.22","2.94","4.96","4.15","6.37","3.28","6","0.026622381807301","119.5","20.4","7.9","9"
"181","MS0.25_ebik1_eq1.rds","0.25","1","1","88.5","3","514136.6","4.32","5.08","3.62","4.51","2.71","5.97","3.71","5.4","0.0213640877072065","111.7","19","7.7","0"
"182","MS0.25_ebik1_eq1.rds","0.25","1","1","85.9","3.3","30038.1","4.52","5.36","3.77","4.53","3.99","6.18","3.07","5.4","0.0207517965726921","117.8","19.7","7.2","1"
"183","MS0.25_ebik1_eq1.rds","0.25","1","1","81.5","2.9","69682.4","4","4.69","3.37","4.08","2.73","5.67","3.3","5.3","0.0196905109489051","108.3","18.6","7.5","2"
"184","MS0.25_ebik1_eq1.rds","0.25","1","1","89.4","2.9","49895.7","4.13","5.02","3.32","4.26","2.13","5.71","3.55","5.4","0.0216021612732719","111.9","18.9","7.4","3"
"185","MS0.25_ebik1_eq1.rds","0.25","1","1","104.3","3.4","49240.6","4.58","5.37","3.82","4.69","2.74","5.98","3.8","5.5","0.0251935124599749","121.6","19.9","7.7","4"
"186","MS0.25_ebik1_eq1.rds","0.25","1","1","93.9","3.3","59295.7","4.32","5.13","3.55","4.46","3.19","5.87","3.03","4.8","0.0226772009029345","118.9","19.4","7.3","5"
"187","MS0.25_ebik1_eq1.rds","0.25","1","1","108.1","3.4","64165.4","4.63","5.23","4.06","4.69","3.68","6.08","3.76","5.2","0.0261164177529157","128.1","19.3","7.8","6"
"188","MS0.25_ebik1_eq1.rds","0.25","1","1","41.8","1.5","39909","3.56","4.41","2.8","4.19","2.36","5.56","4.46","5.1","0.0100845761751935","77.3","16.8","8.1","7"
"189","MS0.25_ebik1_eq1.rds","0.25","1","1","101.5","3.3","88660.8","4.61","5.37","3.91","4.71","3.12","6.2","3.88","5.5","0.0245204055107876","122.5","19.1","7.7","8"
"190","MS0.25_ebik1_eq1.rds","0.25","1","1","110.4","3.5","57849.7","4.81","5.62","4.1","4.82","4.26","6.17","3.44","6","0.0266499102333932","117.4","20.2","7.9","9"
"191","MS0.5_ebik0_eq0.rds","0.5","0","0","86.6","4.8","826392.2","6.54","10.71","2.71","6.72","5.01","9.1","5.31","7.2","0.02092362417205","111.3","37","13.1","0"
"192","MS0.5_ebik0_eq0.rds","0.5","0","0","83.7","5.5","50103.9","7.16","12.59","2.31","7.18","6.38","9.85","4.64","7.5","0.0202155887230514","119.5","39.1","12.8","1"
"193","MS0.5_ebik0_eq0.rds","0.5","0","0","79.5","4.9","118456.5","6.43","10.9","2.34","6.48","5.6","9.21","4.84","7.2","0.0191991657977059","110","36.9","13.3","2"
"194","MS0.5_ebik0_eq0.rds","0.5","0","0","87.1","5.2","89098","6.82","11.72","2.38","6.95","4.83","9.68","4.83","7.5","0.021045985787279","112.8","37.7","13.7","3"
"195","MS0.5_ebik0_eq0.rds","0.5","0","0","102.1","5.6","80922.2","7.05","11.77","2.55","7.18","5.04","9.38","4.78","7.5","0.0246610051510511","123.1","38.5","13.2","4"
"196","MS0.5_ebik0_eq0.rds","0.5","0","0","91.7","5.6","99053.1","6.9","11.57","2.45","7.05","5.65","9.46","4.38","7","0.0221354401805869","120.5","38.2","13","5"
"197","MS0.5_ebik0_eq0.rds","0.5","0","0","106.3","5.3","99776.3","6.61","10.2","3.24","6.67","5.77","8.78","4.63","7.1","0.025662567945538","129.2","37.4","12.8","6"
"198","MS0.5_ebik0_eq0.rds","0.5","0","0","40.7","2.6","69134.9","5.7","9.76","2.09","6.25","4.67","9.02","6.95","6.8","0.00981801019444969","78.2","33.1","13.9","7"
"199","MS0.5_ebik0_eq0.rds","0.5","0","0","99.8","5","135232.6","6.52","10.14","3.14","6.61","5.25","8.83","4.92","7.3","0.0241026402762821","120.6","37","12.8","8"
"200","MS0.5_ebik0_eq0.rds","0.5","0","0","108.4","5.4","90052.7","7.05","11.49","3.14","7.05","7.09","9.08","4.67","7.8","0.0261843207660084","116.2","39.4","13.3","9"
"201","MS0.5_ebik0_eq1.rds","0.5","0","1","87.3","4.2","717453.9","5.82","7.76","4.04","5.99","4.33","8.04","4.99","6.9","0.0210772986928028","107.1","36","12.5","0"
"202","MS0.5_ebik0_eq1.rds","0.5","0","1","84.4","4.9","43936.3","6.41","8.78","4.29","6.4","6.69","8.68","4.6","7.2","0.0203803206191266","117.5","38.2","12.3","1"
"203","MS0.5_ebik0_eq1.rds","0.5","0","1","80.2","4.2","101534.2","5.64","7.42","4.02","5.72","4.46","8","4.66","6.8","0.0193697601668405","106","35.9","12.6","2"
"204","MS0.5_ebik0_eq1.rds","0.5","0","1","88.1","4.3","73476.5","5.79","7.79","3.97","5.85","4.75","8.11","4.54","6.9","0.021267398837141","107.7","36.3","12.6","3"
"205","MS0.5_ebik0_eq1.rds","0.5","0","1","102.9","4.8","69277.3","6.26","8.41","4.22","6.38","4.45","8.21","5","7.1","0.0248573019629681","116.9","37.8","12.6","4"
"206","MS0.5_ebik0_eq1.rds","0.5","0","1","92.5","4.8","84226.9","5.96","7.8","4.21","6.08","5","8.16","3.86","6.5","0.0223374717832957","116","36.9","12.2","5"
"207","MS0.5_ebik0_eq1.rds","0.5","0","1","106.9","4.6","87488.7","5.94","7.75","4.23","5.99","5.23","7.8","4.85","6.7","0.0258193044487836","122.3","36.3","12.2","6"
"208","MS0.5_ebik0_eq1.rds","0.5","0","1","41","2.2","59354.3","5.01","6.94","3.3","5.52","4.03","7.84","6.29","6.4","0.00990711723617142","75.9","32.1","13.2","7"
"209","MS0.5_ebik0_eq1.rds","0.5","0","1","100.3","4.5","120712.2","5.96","7.65","4.38","6.02","4.98","8.02","4.87","7","0.0242329830294478","116.1","36.3","12.4","8"
"210","MS0.5_ebik0_eq1.rds","0.5","0","1","109","4.8","80850.7","6.47","8.64","4.55","6.47","6.02","8.3","4.54","7.6","0.0263171753441053","114.1","38.4","12.8","9"
"211","MS0.5_ebik1_eq0.rds","0.5","1","0","85.1","6.3","1084669.5","8.28","12.14","4.74","8.57","5.8","11.66","6.04","6.6","0.0205593261918391","115","38","13.9","0"
"212","MS0.5_ebik1_eq0.rds","0.5","1","0","82.4","6.8","61864.3","8.6","13.66","4.09","8.6","8.67","11.89","5.38","6.7","0.0199016030956329","121.4","39.9","13.3","1"
"213","MS0.5_ebik1_eq0.rds","0.5","1","0","78.3","6.2","148291.7","7.8","12.17","3.8","7.89","6.52","11.28","5.44","6.4","0.0188988529718457","112.1","37.7","13.7","2"
"214","MS0.5_ebik1_eq0.rds","0.5","1","0","85.9","6.5","110835.9","8.25","12.76","4.18","8.41","5.87","11.78","5.55","6.7","0.0207376519645269","114.9","38.5","14.1","3"
"215","MS0.5_ebik1_eq0.rds","0.5","1","0","100.4","7.3","105411.7","8.89","13.52","4.48","9.05","6.34","11.9","5.63","6.8","0.024249617151608","125.7","39.9","13.9","4"
"216","MS0.5_ebik1_eq0.rds","0.5","1","0","90.2","7","124406.4","8.42","12.8","4.24","8.63","6.72","11.63","4.86","6.2","0.0217900677200903","121.6","38.7","13.6","5"
"217","MS0.5_ebik1_eq0.rds","0.5","1","0","104","7.5","142499","9.24","12.46","6.23","9.31","8.16","12.33","6.04","6.7","0.0251179481766848","136.3","38.9","13.8","6"
"218","MS0.5_ebik1_eq0.rds","0.5","1","0","40.1","3.2","84671.2","6.6","10.19","3.4","7.31","5.23","10.73","7.42","6.1","0.0096764206154427","78.3","33.9","14.3","7"
"219","MS0.5_ebik1_eq0.rds","0.5","1","0","97.9","6.9","187057.1","8.76","12.06","5.68","8.9","6.65","11.96","5.86","6.8","0.0236377139886368","126.4","38.3","13.8","8"
"220","MS0.5_ebik1_eq0.rds","0.5","1","0","106.4","7.5","124564.1","9.25","13.32","5.67","9.27","8.3","11.94","5.97","7.3","0.0256852184320766","122.5","40.3","14.1","9"
"221","MS0.5_ebik1_eq1.rds","0.5","1","1","85.4","6","1035022.9","7.95","8.8","7.17","8.24","5.44","11.13","6.14","6.5","0.0206293587841548","112.8","37.1","13.7","0"
"222","MS0.5_ebik1_eq1.rds","0.5","1","1","82.7","6.5","59230.4","8.34","9.17","7.6","8.37","6.45","11.44","5.53","6.6","0.0199723604201216","117.6","39.1","13.3","1"
"223","MS0.5_ebik1_eq1.rds","0.5","1","1","78.5","6","142745.9","7.56","8.39","6.81","7.71","5.39","10.81","5.82","6.4","0.0189547445255474","110.7","36.9","13.6","2"
"224","MS0.5_ebik1_eq1.rds","0.5","1","1","86.3","6","102663.5","7.75","8.7","6.89","7.91","5.18","10.99","5.55","6.5","0.0208533505608739","112.1","37.4","13.8","3"
"225","MS0.5_ebik1_eq1.rds","0.5","1","1","100.8","7","100392.9","8.52","9.35","7.74","8.68","5.97","11.34","5.86","6.7","0.024333843797856","123.8","38.5","13.7","4"
"226","MS0.5_ebik1_eq1.rds","0.5","1","1","90.6","6.6","116947.8","8.03","8.68","7.4","8.3","5.77","10.94","5.47","6","0.0218916478555305","118.2","38","13.5","5"
"227","MS0.5_ebik1_eq1.rds","0.5","1","1","104.4","7.1","134790.9","8.85","9.57","8.18","8.91","7.92","11.73","6.43","6.6","0.0252166341231727","132","38.1","13.7","6"
"228","MS0.5_ebik1_eq1.rds","0.5","1","1","40.3","3","78203.3","6.22","7.19","5.37","6.96","4.82","9.99","7.28","5.9","0.00973532188030961","75.7","33","14.3","7"
"229","MS0.5_ebik1_eq1.rds","0.5","1","1","98.2","6.6","177246.8","8.38","9.06","7.75","8.52","6.29","11.36","6.27","6.7","0.0237257231980393","121.9","37.2","13.6","8"
"230","MS0.5_ebik1_eq1.rds","0.5","1","1","106.7","7.1","118807.1","8.87","9.76","8.08","8.87","8.64","11.43","5.83","7.2","0.0257684021543986","119.7","39.4","14.1","9"
"231","MS0.75_ebik0_eq0.rds","0.75","0","0","84.5","7","1197141.2","9.17","14.22","4.54","9.39","7.27","12.82","7.18","8.6","0.0204006868918145","110.1","54.9","18.8","0"
"232","MS0.75_ebik0_eq0.rds","0.75","0","0","81.4","7.9","71281.5","9.99","15.97","4.65","10.02","8.58","13.79","6.3","8.9","0.0196506357103372","119.2","58","18.5","1"
"233","MS0.75_ebik0_eq0.rds","0.75","0","0","77.4","7","168932.2","8.92","13.85","4.4","9","7.63","12.77","6.74","8.5","0.0186907194994786","109.6","54.5","18.9","2"
"234","MS0.75_ebik0_eq0.rds","0.75","0","0","85.1","7.2","123203.4","9.19","14.49","4.38","9.33","6.96","13.05","6.45","8.7","0.0205620485111881","111.1","55.3","19","3"
"235","MS0.75_ebik0_eq0.rds","0.75","0","0","99.7","8","115308.6","9.82","15.21","4.7","9.97","7.63","13.09","6.59","8.9","0.0240832521230684","120.1","57.2","18.8","4"
"236","MS0.75_ebik0_eq0.rds","0.75","0","0","89.4","7.9","139495","9.52","14.75","4.55","9.69","8.18","13.05","6.08","8.3","0.0215846501128668","118.7","56.1","18.6","5"
"237","MS0.75_ebik0_eq0.rds","0.75","0","0","103.8","7.7","145547.7","9.34","14.26","4.74","9.45","7.81","12.44","6.32","8.5","0.0250794237162911","127.5","55.4","18.2","6"
"238","MS0.75_ebik0_eq0.rds","0.75","0","0","39.5","3.7","98746.4","7.78","12.33","3.73","8.43","6.53","12.39","9.29","7.9","0.0095480460638097","77.7","48.6","19.6","7"
"239","MS0.75_ebik0_eq0.rds","0.75","0","0","97.4","7.5","201214.7","9.33","14.05","4.91","9.44","7.63","12.7","6.49","8.7","0.0235110847042222","119.7","55.1","18.3","8"
"240","MS0.75_ebik0_eq0.rds","0.75","0","0","105.9","7.9","132396.5","9.9","15.41","5.04","9.91","9.33","12.79","6.23","9.2","0.0255721125074806","116.7","58.4","18.8","9"
"241","MS0.75_ebik0_eq1.rds","0.75","0","1","85.2","6.3","1074907.5","8.37","10.98","5.97","8.58","6.55","11.63","6.87","8.1","0.0205731107554642","107.3","53.7","18","0"
"242","MS0.75_ebik0_eq1.rds","0.75","0","1","82.3","6.9","62641.2","8.97","11.99","6.27","9","7.66","12.19","6.34","8.4","0.0198805970149254","114.6","56.4","17.6","1"
"243","MS0.75_ebik0_eq1.rds","0.75","0","1","78.2","6.2","149550.4","8.06","10.57","5.76","8.16","6.57","11.48","6.35","8","0.0188859228362878","105.8","53.7","18.1","2"
"244","MS0.75_ebik0_eq1.rds","0.75","0","1","85.7","6.6","112976.9","8.55","11.52","5.85","8.67","6.61","12.03","6.45","8.3","0.0207071122335115","109","54.3","18.4","3"
"245","MS0.75_ebik0_eq1.rds","0.75","0","1","100.5","7.2","103859.2","8.99","11.84","6.28","9.14","6.75","11.87","6.73","8.4","0.0242753724070723","116.4","56.1","18.1","4"
"246","MS0.75_ebik0_eq1.rds","0.75","0","1","90.1","7.1","126562.1","8.75","11.52","6.12","8.91","7.48","11.93","5.97","7.9","0.0217607223476298","115.4","55.5","17.8","5"
"247","MS0.75_ebik0_eq1.rds","0.75","0","1","104.6","6.9","130703.7","8.52","11.06","6.14","8.59","7.59","11.27","6.32","8","0.0252683518919204","122.7","54.2","17.4","6"
"248","MS0.75_ebik0_eq1.rds","0.75","0","1","39.9","3.3","88431.4","7.09","9.64","4.81","7.7","5.9","11.22","8.64","7.5","0.00964206154427034","76.1","47.6","18.7","7"
"249","MS0.75_ebik0_eq1.rds","0.75","0","1","98.2","6.7","179143.6","8.42","10.74","6.25","8.51","6.94","11.4","6.32","8.2","0.0237090125886591","116.1","53.5","17.5","8"
"250","MS0.75_ebik0_eq1.rds","0.75","0","1","106.5","7.3","121682.4","9.21","12.18","6.59","9.2","9.62","11.86","6.14","8.9","0.0257271095152603","114.2","57.2","18.2","9"
"251","MS0.75_ebik1_eq0.rds","0.75","1","0","82.1","9.3","1600664.2","11.91","16.12","8.05","12.3","8.6","16.8","8.54","7.7","0.0198314895505999","114","56.4","20","0"
"252","MS0.75_ebik1_eq0.rds","0.75","1","0","79.2","10","90594.9","12.42","17.02","8.32","12.44","11.49","17.07","8.11","7.8","0.019134328358209","119.6","59","19.4","1"
"253","MS0.75_ebik1_eq0.rds","0.75","1","0","75.2","9.2","221148.4","11.35","15.53","7.53","11.52","8.75","16.43","7.79","7.5","0.0181647549530761","111.5","55.9","20.2","2"
"254","MS0.75_ebik1_eq0.rds","0.75","1","0","82.9","9.5","161849.6","11.74","16.13","7.77","11.99","7.83","16.83","7.59","7.7","0.0200140952604687","114.5","56.9","20.2","3"
"255","MS0.75_ebik1_eq0.rds","0.75","1","0","97","10.8","154865.4","12.68","17.2","8.39","12.98","8.32","17.05","7.64","7.9","0.0234184880968954","125.2","58.7","19.8","4"
"256","MS0.75_ebik1_eq0.rds","0.75","1","0","87","10.3","182040.7","12.15","16.45","8.06","12.45","9.74","16.73","7.3","7.3","0.0210045146726862","120.9","57.8","19.7","5"
"257","MS0.75_ebik1_eq0.rds","0.75","1","0","100.5","11","208081.8","13.22","17.43","9.29","13.39","10.87","17.67","8.37","8","0.0242825478917093","134.9","57.6","19.6","6"
"258","MS0.75_ebik1_eq0.rds","0.75","1","0","38.6","4.6","122690.9","9.28","12.72","6.23","10.06","7.79","15.02","10.62","6.9","0.0093298093260336","77.7","50.2","20.5","7"
"259","MS0.75_ebik1_eq0.rds","0.75","1","0","94.5","10.4","278929.8","12.71","16.87","8.81","12.91","9.75","17.42","7.91","8.1","0.0228140666196294","126.6","56.7","19.6","8"
"260","MS0.75_ebik1_eq0.rds","0.75","1","0","102.9","11","183142","13.13","17.71","9.09","13.15","12.13","17.05","7.6","8.4","0.0248390185517654","121.5","60.2","20.1","9"
"261","MS0.75_ebik1_eq1.rds","0.75","1","1","82.4","9.1","1551249.5","11.59","12.49","10.77","11.97","8.3","16.29","8.63","7.6","0.0199011716879081","112.5","55.5","19.8","0"
"262","MS0.75_ebik1_eq1.rds","0.75","1","1","79.6","9.7","87491.3","12.07","13.08","11.17","12.09","10.97","16.4","8.54","7.7","0.0192172470978441","119.3","58.7","19.2","1"
"263","MS0.75_ebik1_eq1.rds","0.75","1","1","75.6","8.9","212644.7","10.96","11.86","10.14","11.17","7.75","15.8","7.84","7.4","0.0182502606882169","109.3","54.9","19.9","2"
"264","MS0.75_ebik1_eq1.rds","0.75","1","1","83.4","9","153526.9","11.21","12.23","10.28","11.46","7.31","15.97","7.63","7.6","0.0201321430668938","112.8","55.7","19.6","3"
"265","MS0.75_ebik1_eq1.rds","0.75","1","1","97.5","10.3","147489.5","12.2","13.06","11.39","12.44","8.56","16.3","7.96","7.8","0.0235423917583183","122.5","57.7","19.7","4"
"266","MS0.75_ebik1_eq1.rds","0.75","1","1","87.2","10.1","178607.6","11.95","12.63","11.3","12.27","9.33","16.4","7.51","7.3","0.0210513544018059","119.9","57","19.8","5"
"267","MS0.75_ebik1_eq1.rds","0.75","1","1","100.8","10.7","203361.4","12.93","13.55","12.35","13.09","10.46","17.17","9.11","7.8","0.0243427093778036","132.8","56.7","19.7","6"
"268","MS0.75_ebik1_eq1.rds","0.75","1","1","38.8","4.5","119120.5","8.96","9.98","8.05","9.81","7.32","14.51","10.18","6.8","0.00936228053615254","76.6","49.1","20.4","7"
"269","MS0.75_ebik1_eq1.rds","0.75","1","1","94.8","10","270311.8","12.35","13.18","11.58","12.54","9.6","16.81","8.6","7.9","0.0228913067696535","124.7","55.6","19.5","8"
"270","MS0.75_ebik1_eq1.rds","0.75","1","1","103","10.9","181452.3","13.03","13.79","12.36","13.05","12.31","16.87","7.91","8.4","0.0248635547576302","121.2","59","20","9"
"271","MS1_ebik0_eq0.rds","1","0","0","83.1","8.4","1436415.5","10.91","14.23","7.87","11.19","8.55","15.22","8.71","9.4","0.0200631403105031","107.7","71.3","23.4","0"
"272","MS1_ebik0_eq0.rds","1","0","0","80","9.2","83532.1","11.81","15.74","8.29","11.81","11.63","16.06","8.32","9.8","0.0193233830845771","114.3","75.7","23.3","1"
"273","MS1_ebik0_eq0.rds","1","0","0","76.1","8.3","200167.5","10.58","13.69","7.73","10.7","8.75","15.1","8.23","9.3","0.0183762252346194","105.6","71.2","23.7","2"
"274","MS1_ebik0_eq0.rds","1","0","0","83.7","8.7","147332.4","10.96","14.63","7.63","11.1","8.71","15.48","8.03","9.5","0.0202196511423034","108.2","72.2","23.8","3"
"275","MS1_ebik0_eq0.rds","1","0","0","98.2","9.6","137239.5","11.64","15.26","8.2","11.82","9.02","15.47","8.11","9.8","0.023714325490742","116.7","74.7","23.4","4"
"276","MS1_ebik0_eq0.rds","1","0","0","87.7","9.5","168470","11.47","14.8","8.29","11.64","10.03","15.65","7.71","9.3","0.0211896162528217","115.3","73.2","23.4","5"
"277","MS1_ebik0_eq0.rds","1","0","0","102.1","9.4","177852.6","11.28","14.62","8.16","11.37","10.12","15.03","7.51","9.4","0.0246677924956462","124.8","71.7","22.6","6"
"278","MS1_ebik0_eq0.rds","1","0","0","38.8","4.5","118767.5","9.14","12.28","6.35","9.8","7.88","14.54","10.99","8.6","0.00936567868604871","76","63.1","24.2","7"
"279","MS1_ebik0_eq0.rds","1","0","0","95.8","9","242273","11.09","13.98","8.38","11.19","9.49","15.04","8.11","9.6","0.0231427086041071","116.6","71.4","22.9","8"
"280","MS1_ebik0_eq0.rds","1","0","0","104.3","9.5","158878","11.78","15.38","8.6","11.78","11.72","15.19","7.65","10.1","0.0251897067624177","113","75.6","23.5","9"
"281","MS1_ebik0_eq1.rds","1","0","1","83.1","8.4","1436194.7","10.93","14.23","7.9","11.2","8.6","15.23","8.76","9.4","0.0200634907655106","107.4","71.4","23.4","0"
"282","MS1_ebik0_eq1.rds","1","0","1","80","9.2","83456.8","11.82","15.76","8.31","11.83","11.56","16.02","8.51","9.8","0.0193255942509674","115","76","23.1","1"
"283","MS1_ebik0_eq1.rds","1","0","1","76.1","8.4","200215.9","10.55","13.61","7.75","10.66","8.91","15.04","8.3","9.3","0.0183758081334724","105.8","71.2","23.7","2"
"284","MS1_ebik0_eq1.rds","1","0","1","83.8","8.6","146302.4","10.88","14.52","7.58","11.03","8.4","15.39","7.93","9.5","0.0202343337052916","107.4","72.1","23.7","3"
"285","MS1_ebik0_eq1.rds","1","0","1","98.2","9.6","137664.7","11.63","15.11","8.31","11.79","9.18","15.51","7.74","9.7","0.0237073646108868","117","74.5","23.4","4"
"286","MS1_ebik0_eq1.rds","1","0","1","87.8","9.4","167033.6","11.38","14.74","8.18","11.57","9.87","15.55","7.56","9.3","0.0212093679458239","115.5","73.2","23.3","5"
"287","MS1_ebik0_eq1.rds","1","0","1","102.3","9.2","175127","11.14","14.26","8.23","11.26","9.54","14.81","7.67","9.4","0.0247020950973666","124","72","22.6","6"
"288","MS1_ebik0_eq1.rds","1","0","1","38.8","4.5","119192.3","9.17","12.3","6.39","9.8","7.97","14.56","11.07","8.6","0.00936152539173117","76","63","24.3","7"
"289","MS1_ebik0_eq1.rds","1","0","1","95.8","9","242953.5","11.12","14.1","8.33","11.24","9.25","15.11","7.93","9.6","0.0231367670541052","117.4","71.4","22.9","8"
"290","MS1_ebik0_eq1.rds","1","0","1","104.2","9.6","160784.5","11.85","15.44","8.68","11.86","11.38","15.3","7.55","10.2","0.0251621783363256","113.6","75.8","23.6","9"
"291","MS1_ebik1_eq0.rds","1","1","0","79.4","12","2062127.3","15.19","16.14","14.32","15.67","11.04","21.38","11.15","8.7","0.019180519374321","112.5","73.7","25.9","0"
"292","MS1_ebik1_eq0.rds","1","1","0","76.2","13.1","118178.6","16.15","17.17","15.23","16.18","14.31","22.16","10.66","8.9","0.0183980099502488","118.7","78.3","25.6","1"
"293","MS1_ebik1_eq0.rds","1","1","0","72.5","11.9","286140.9","14.56","15.64","13.57","14.8","10.84","21.06","10.11","8.5","0.0175103232533889","110.4","73.2","26.2","2"
"294","MS1_ebik1_eq0.rds","1","1","0","80.4","12","204161","14.73","16","13.57","15.02","10.12","21.01","9.93","8.6","0.0194138720855112","111.7","73.9","26","3"
"295","MS1_ebik1_eq0.rds","1","1","0","93.9","13.9","199572.7","16.29","17.23","15.4","16.64","10.8","21.84","10.19","9","0.0226667130725324","122.8","76.9","25.9","4"
"296","MS1_ebik1_eq0.rds","1","1","0","84","13.2","234357.5","15.57","16.43","14.75","16.01","12.01","21.33","10.01","8.4","0.0202917607223476","118.3","75.7","25.8","5"
"297","MS1_ebik1_eq0.rds","1","1","0","97.4","14.1","267928.5","16.81","17.55","16.11","17.02","13.63","22.42","10.99","9.1","0.0235194469365138","132.8","75.2","25.4","6"
"298","MS1_ebik1_eq0.rds","1","1","0","37.3","5.9","157445.9","11.66","12.75","10.7","12.68","9.71","18.93","13.2","7.6","0.00901302624126864","76.7","65.1","26.3","7"
"299","MS1_ebik1_eq0.rds","1","1","0","91.4","13.4","361756.6","16.25","17.02","15.52","16.48","12.75","22.18","10.76","9.1","0.0220710015225222","124.2","74.1","25.6","8"
"300","MS1_ebik1_eq0.rds","1","1","0","99.5","14.3","238953.7","16.87","17.62","16.22","16.9","16.09","21.85","10.26","9.6","0.024032315978456","120.7","78.3","26","9"
"301","MS1_ebik1_eq1.rds","1","1","1","79.4","12","2062047.9","15.16","16.08","14.31","15.66","10.86","21.35","11.02","8.7","0.0191806361926568","112.3","73.6","25.9","0"
"302","MS1_ebik1_eq1.rds","1","1","1","76.2","13.1","118082.2","16.12","17.21","15.14","16.13","15.16","22.1","10.7","8.9","0.018400221116639","118.7","78.2","25.6","1"
"303","MS1_ebik1_eq1.rds","1","1","1","72.6","11.8","283129.7","14.43","15.27","13.66","14.66","10.93","20.86","10.07","8.5","0.017540354535975","109.5","73.4","26.1","2"
"304","MS1_ebik1_eq1.rds","1","1","1","80.4","12","204572.2","14.73","15.97","13.6","15.05","9.61","21","9.97","8.6","0.019407999060316","112","74.4","25.9","3"
"305","MS1_ebik1_eq1.rds","1","1","1","93.9","13.8","198573.8","16.19","17.06","15.36","16.46","12.01","21.73","9.96","9","0.0226834191841849","123.1","77","25.8","4"
"306","MS1_ebik1_eq1.rds","1","1","1","84","13.2","233944.9","15.58","16.66","14.56","15.99","12.33","21.38","9.82","8.4","0.0202974040632054","119","75.5","25.7","5"
"307","MS1_ebik1_eq1.rds","1","1","1","97.4","14.1","267807","16.88","17.76","16.07","17.1","13.72","22.53","10.96","9.1","0.0235210301335163","133.6","75.1","25.4","6"
"308","MS1_ebik1_eq1.rds","1","1","1","37.4","5.9","155352.8","11.59","12.69","10.61","12.59","9.68","18.71","13.33","7.6","0.00903190485180291","76.3","65.2","26.3","7"
"309","MS1_ebik1_eq1.rds","1","1","1","91.4","13.5","362439.7","16.32","16.96","15.72","16.54","13.01","22.27","10.91","9.2","0.0220650599725203","124.3","74.1","25.7","8"
"310","MS1_ebik1_eq1.rds","1","1","1","99.4","14.4","240381.8","17","18.09","16.04","17.02","15.9","22.02","10.25","9.6","0.0240113704368642","120.5","78.4","26.2","9"
